question,answer
"Should a male, not married applicant with good credit history and high income get a loan?","Based on the CatBoost model (82.71% accuracy), the loan is likely approved. A good credit history (35.64% importance) and high income (low LoanAmount_to_Income ratio, 9.50% importance) strongly favor approval. <|END|>"
"Should a male, married applicant with good credit history and low income get a loan?","Based on the CatBoost model (82.71% accuracy), the loan is likely not approved. Despite a good credit history (35.64% importance), low income increases the LoanAmount_to_Income ratio (9.50% importance), reducing approval chances. <|END|>"
"Should a male, married applicant with no credit history and low income get a loan?","Based on the CatBoost model (82.71% accuracy), the loan is likely not approved. No credit history (35.64% importance) significantly reduces approval chances, and low income worsens the LoanAmount_to_Income ratio (9.50% importance). <|END|>"
"Should a female, not married applicant with good credit history and low income get a loan?","Based on the CatBoost model (82.71% accuracy), the loan is likely not approved. Despite a good credit history (35.64% importance), low income increases the LoanAmount_to_Income ratio (9.50% importance), reducing approval chances. <|END|>"
"How does good credit history affect loan approval for a male applicant?","Good credit history significantly increases loan approval chances, with a feature importance of 35.64% in the CatBoost model (82.71% accuracy). It is the most critical factor, followed by LoanAmount_to_Income (9.50%) and Dependents (8.25%). <|END|>"
"How does no credit history affect loan approval for a female applicant?","No credit history significantly reduces loan approval chances, with a feature importance of 35.64% in the CatBoost model (82.71% accuracy). Other factors like LoanAmount_to_Income (9.50%) and Dependents (8.25%) also play a role. <|END|>"
"What factors influence loan approval?","Loan approval depends on several factors, with Credit_History being the most important (35.64% importance), followed by LoanAmount_to_Income (9.50%) and Dependents (8.25%). Other factors include Gender, Married, Education, Self_Employed, ApplicantIncome, CoapplicantIncome, LoanAmount, Loan_Amount_Term, and Property_Area. The CatBoost model achieves 82.71% accuracy. <|END|>"
"Why might a loan be rejected?","A loan may be rejected due to a poor or no credit history (35.64% importance), a high LoanAmount_to_Income ratio (9.50%), or having many dependents (8.25%). Low income or a large loan amount can also reduce approval chances. The CatBoost model (82.71% accuracy) uses these factors. <|END|>"
"How can I improve my loan eligibility?","To improve loan eligibility, maintain a good credit history (35.64% importance) by paying debts on time, increase your income to lower the LoanAmount_to_Income ratio (9.50%), and reduce the number of dependents (8.25%). Applying for a smaller loan amount can also help, per the CatBoost model (82.71% accuracy). <|END|>"
"What is the minimum credit score for a loan?","The minimum credit score for a loan is typically 600, but some lenders accept scores as low as 500 with higher interest rates. <|END|>"
"Can I get a loan with bad credit?","Yes, but options are limited. Lenders may offer higher interest rates or require a co-signer. <|END|>"
"How does good credit history affect loan approval?","Good credit history increases approval chances, lowers interest rates, and may allow higher loan amounts. <|END|>"
"What are the requirements for a personal loan?","Requirements include a credit score of 600+, stable income, low debt-to-income ratio, and valid ID. <|END|>"
"Should a male, not married applicant with good credit get a loan?","A male, unmarried applicant with good credit has a high chance of approval, assuming stable income. <|END|>"
"Should a female, married applicant with poor credit get a loan?","A female, married applicant with poor credit may face challenges but could qualify with a co-signer or collateral. <|END|>"
"How long does loan approval take?","Loan approval typically takes 1-7 days, depending on the lender and application complexity. <|END|>"
"What is a debt-to-income ratio?","Debt-to-income ratio is monthly debt payments divided by monthly income, ideally below 36% for loan approval. <|END|>"
"Can I get a loan without a job?","Getting a loan without a job is difficult but possible with alternative income sources like investments or alimony. <|END|>"
"What documents are needed for a loan?","Common documents include ID, proof of income, bank statements, and credit reports. <|END|>"
"How does marital status affect loan approval?","Marital status has minimal impact, but joint applications may improve approval if one spouse has strong credit. <|END|>"
"What is the maximum loan amount for a personal loan?","Maximum loan amounts vary, typically $1,000-$50,000, based on credit and income. <|END|>"
"Can I get a loan with a bankruptcy history?","Yes, but usually after 2-7 years post-bankruptcy, with stricter terms. <|END|>"
"What is an interest rate?","An interest rate is the percentage charged by a lender on the borrowed amount, typically 5-36% for personal loans. <|END|>"
"How does collateral affect loan approval?","Collateral reduces lender risk, increasing approval chances and potentially lowering rates. <|END|>"
"Can a student get a personal loan?","Students can get loans if they meet credit and income requirements, often with a co-signer. <|END|>"
"What is the difference between secured and unsecured loans?","Secured loans require collateral; unsecured loans do not but have higher interest rates. <|END|>"
"How does loan term affect monthly payments?","Longer terms reduce monthly payments but increase total interest paid. <|END|>"
"Can I refinance a personal loan?","Yes, refinancing can lower rates or adjust terms if your credit improves. <|END|>"
"What happens if I miss a loan payment?","Missing a payment may incur fees, harm your credit score, and risk default. <|END|>"
"Can I get a loan if I am self-employed?","Yes, self-employed individuals can get loans by providing proof of income, such as tax returns or business statements. <|END|>"
"Does property area affect loan approval?","Yes, property area can influence approval; urban properties may be favored due to higher resale value. <|END|>"
"How does education level impact loan approval?","Education level has minor impact, but higher education may correlate with better income and approval chances. <|END|>"
"Can I get a loan with a co-applicant?","Yes, adding a co-applicant with good credit can improve approval chances and loan terms. <|END|>"
"What is the typical loan tenure?","Personal loan tenure ranges from 1 to 7 years, depending on lender and borrower profile. <|END|>"
"How does loan amount requested affect approval?","Requesting a higher loan amount increases risk for lenders and may reduce approval chances. <|END|>"
"Is there a penalty for early loan repayment?","Some lenders charge prepayment penalties; check your loan agreement for details. <|END|>"
"Can I get a loan if I have existing debt?","Yes, but high existing debt may lower approval chances due to a higher debt-to-income ratio. <|END|>"
"How do lenders verify my income?","Lenders verify income through pay stubs, tax returns, or bank statements. <|END|>"
"Can I negotiate my loan interest rate?","Yes, you can negotiate rates, especially with strong credit or competing offers. <|END|>"
"How does being self-employed affect loan approval?","Self-employed applicants may face stricter documentation requirements but can qualify with stable income. <|END|>"
"Can I get a loan if I am a pensioner?","Yes, pensioners can get loans if they have regular pension income and meet lender criteria. <|END|>"
"How does the number of dependents affect loan approval?","More dependents can reduce disposable income, lowering approval chances. <|END|>"
"Can I get a loan for home renovation?","Yes, many lenders offer personal loans specifically for home renovation purposes. <|END|>"
"How does being a first-time borrower affect approval?","First-time borrowers may face stricter scrutiny but can qualify with good income and no negative credit history. <|END|>"
"Can I get a loan if I am a non-resident?","Some lenders offer loans to non-residents, but requirements are stricter and rates may be higher. <|END|>"
"How does loan purpose affect approval?","Stated loan purpose can influence approval; some purposes like debt consolidation are viewed more favorably. <|END|>"
"Can I get a loan with a guarantor?","Yes, a guarantor with strong credit can improve approval chances and loan terms. <|END|>"
"How does employment stability affect loan approval?","Stable employment increases approval chances, as lenders prefer consistent income sources. <|END|>"
"Can I get a loan if I have recently changed jobs?","Yes, but frequent job changes may raise concerns; lenders may require longer employment history. <|END|>"
"How does age affect loan approval?","Applicants typically must be 18-65; older applicants may face shorter tenures or stricter terms. <|END|>"
"Can I get a loan for education expenses?","Yes, personal loans can be used for education, though student loans may offer better terms. <|END|>"
"How does loan-to-value ratio affect approval?","A lower loan-to-value ratio reduces lender risk and increases approval chances. <|END|>"
"Can I get a loan if I have no credit score?","Yes, but options are limited; lenders may require a co-signer or collateral. <|END|>"
"How does being a government employee affect loan approval?","Government employees are often viewed as low-risk, improving approval chances and terms. <|END|>"
"Can I get a loan if I am a freelancer?","Freelancers can get loans by providing proof of consistent income, such as contracts or tax returns. <|END|>"
"How does property ownership affect loan approval?","Owning property can improve approval chances, especially for secured loans. <|END|>"
"Can I get a loan if I have a low income but high assets?","Yes, high-value assets can compensate for low income, especially for secured loans. <|END|>"
"How does loan application frequency affect approval?","Frequent applications can lower your credit score and reduce approval chances. <|END|>"
"Can I get a loan if I am a student with no income?","Students with no income may need a co-signer or collateral to qualify for a loan. <|END|>"
"How does having a joint account affect loan approval?","Joint accounts can help if both holders have good credit and income. <|END|>"
"Can I get a loan if I have defaulted before?","It is difficult, but possible after improving your credit and waiting several years. <|END|>"
"How does loan insurance work?","Loan insurance covers repayments in case of death, disability, or job loss. <|END|>"
"Can I get a loan if I am on probation at work?","Lenders may be cautious; stable employment history is preferred for approval. <|END|>"
"How does the type of employment contract affect loan approval?","Permanent contracts are favored; temporary or contract workers may face stricter requirements. <|END|>"
"Can I get a loan if I am a homemaker?","Homemakers may need a co-applicant or proof of alternative income to qualify. <|END|>"
"How does having multiple bank accounts affect loan approval?","Multiple accounts do not directly affect approval, but healthy balances can help. <|END|>"
"Can I get a loan if I have a criminal record?","A criminal record may affect approval, especially for fraud or financial crimes. <|END|>"
"How does the loan processing fee work?","Processing fees are charged upfront and vary by lender, typically 1-3% of the loan amount. <|END|>"
"Can I get a loan if I am a minor?","No, you must be at least 18 years old to apply for a loan. <|END|>"
"How does the repayment method affect loan approval?","Automated repayments are preferred by lenders and may improve approval chances. <|END|>"
"Can I get a loan if I am on maternity leave?","Yes, if you can demonstrate continued income or job security. <|END|>"
"How does the presence of a co-signer affect loan approval?","A co-signer with good credit can significantly improve approval chances. <|END|>"
"Can I get a loan if I have no bank account?","Most lenders require a bank account for disbursal and repayments. <|END|>"
"How does the loan disbursal process work?","After approval, funds are transferred to your bank account, usually within 1-3 days. <|END|>"
"Can I get a loan if I am a part-time worker?","Yes, if you can show stable and sufficient income. <|END|>"
"How does the loan application process work?","Apply online or in-person, submit documents, undergo credit check, and await approval. <|END|>"
"Can I get a loan if I am a contract worker?","Yes, but you may need to provide additional proof of income and job stability. <|END|>"
"How does the loan approval rate vary by lender?","Approval rates vary; banks are stricter, while fintech lenders may be more flexible. <|END|>"
"Can I get a loan if I have a disability?","Yes, as long as you meet income and credit requirements. <|END|>"
"How does the loan amount affect interest rate?","Larger loans may have lower rates, but this depends on lender policies. <|END|>"
"Can I get a loan if I am a retiree?","Yes, with proof of pension or retirement income. <|END|>"
"How does the loan tenure affect total interest paid?","Longer tenures reduce monthly payments but increase total interest paid. <|END|>"
"Can I get a loan if I am a foreign national?","Some lenders offer loans to foreign nationals with valid visas and income proof. <|END|>"
"How does the loan EMI calculation work?","EMI is calculated based on principal, interest rate, and tenure using the reducing balance method. <|END|>"
"Can I get a loan if I have a fixed deposit?","Yes, you can get a loan against your fixed deposit at lower interest rates. <|END|>"
"How does the loan pre-closure process work?","You can repay the loan early, but check for pre-closure charges. <|END|>"
"Can I get a loan if I am a salaried employee?","Yes, salaried employees with stable income and good credit are preferred by lenders. <|END|>"
"How does the loan moratorium period work?","A moratorium allows you to delay repayments for a set period, but interest may accrue. <|END|>"
"Can I get a loan if I have a savings account only?","Yes, a savings account is usually sufficient for loan disbursal and repayments. <|END|>"
"How does the loan sanction letter work?","A sanction letter confirms loan approval and outlines terms and conditions. <|END|>"
"Can I get a loan if I am a government contractor?","Yes, with proof of contract income and job stability. <|END|>"
"How does the loan documentation process work?","Submit ID, income proof, address proof, and bank statements for verification. <|END|>"
"Can I get a loan if I have a high credit utilization ratio?","High credit utilization can lower approval chances; aim to keep it below 30%. <|END|>"
"How does the loan top-up facility work?","A top-up loan allows you to borrow additional funds on your existing loan, subject to eligibility. <|END|>"
"Can I get a loan if I have a business?","Yes, business owners can get personal or business loans with proper documentation. <|END|>"
"How does the loan balance transfer process work?","Transfer your loan to another lender for better rates or terms; check for transfer fees. <|END|>"
"Can I get a loan if I have a low CIBIL score?","It is difficult, but some lenders offer loans at higher interest rates for low scores. <|END|>"
"How does the loan disbursement timeline work?","Disbursement usually occurs within 1-7 days after approval, depending on the lender. <|END|>"
"Can I get a loan if I am a startup founder?","Yes, but you may need to provide business financials and personal guarantees. <|END|>"
"How does the loan agreement work?","The loan agreement is a legal contract outlining terms, repayment schedule, and penalties. <|END|>"
"Can I get a loan if I have a mortgage?","Yes, but your existing mortgage will be considered in your debt-to-income ratio. <|END|>"
"How does the loan interest calculation work?","Interest is calculated on the outstanding principal, either flat or reducing balance method. <|END|>"
"Can I get a loan if I have a car loan?","Yes, but your total debt obligations will be assessed for approval. <|END|>"
"How does the loan eligibility calculator work?","It estimates your eligible loan amount based on income, expenses, and obligations. <|END|>"
"Can I get a loan if I have a credit card?","Yes, but high credit card debt can reduce approval chances. <|END|>"
"How does the loan repayment schedule work?","Repayments are scheduled monthly (EMI) over the loan tenure. <|END|>"
"Can I get a loan if I have a personal guarantee?","A personal guarantee can improve approval chances, especially for business loans. <|END|>"
"How does the loan foreclosure process work?","Foreclosure means repaying the entire loan before tenure ends; check for charges. <|END|>"
"Can I get a loan if I have a joint property?","Yes, but all co-owners may need to be co-applicants. <|END|>"
"How does the loan application rejection affect my credit score?","Rejections can lower your score slightly; avoid multiple applications in a short period. <|END|>"
"Can I get a loan if I have a high net worth?","High net worth can improve approval chances and terms, even with lower income. <|END|>"
"How does the loan processing time vary?","Processing time varies by lender, documentation, and applicant profile. <|END|>"
"Can I get a loan if I have a fixed salary?","Yes, fixed salary is preferred by lenders for stability. <|END|>"
"How does the loan EMI bounce affect my credit?","EMI bounces can harm your credit score and incur penalties. <|END|>"
"Can I get a loan if I have a rental income?","Yes, rental income can be considered for eligibility if documented. <|END|>"
"How does the loan pre-approval process work?","Pre-approval gives an estimate of eligibility before formal application. <|END|>"
"Can I get a loan if I have a partnership business?","Yes, with business financials and partner consent. <|END|>"
"How does the loan part-payment facility work?","Part-payment allows you to pay extra towards principal, reducing interest and tenure. <|END|>"
"Can I get a loan if I have a high EMI burden?","High EMI burden reduces approval chances; lenders prefer total EMIs below 50% of income. <|END|>"
"How does the loan application affect my credit report?","Each application creates a hard inquiry, which can lower your score if frequent. <|END|>"
"Can I get a loan if I have a government subsidy?","Subsidies may improve eligibility for certain loan types. <|END|>"
"How does the loan renewal process work?","Loan renewal extends tenure or increases amount, subject to eligibility and lender approval. <|END|>"
"Can I get a loan if I have a gold asset?","Yes, gold loans are secured against your gold jewelry or coins. <|END|>"
"How does the loan documentation differ for NRIs?","NRIs need to provide visa, passport, overseas address, and income proof. <|END|>"
"Can I get a loan if I have a business partner?","Yes, but both partners may need to be co-applicants for business loans. <|END|>"
"How does the loan application process differ for women?","Some lenders offer special schemes or lower rates for women applicants. <|END|>"
"Can I get a loan if I have a high-value property?","High-value property can be used as collateral for larger loans. <|END|>"
"How does the loan application process differ for senior citizens?","Senior citizens may face shorter tenures and stricter income requirements. <|END|>"
"Can I get a loan if I have a professional degree?","Professional degrees can improve eligibility, especially for doctor or engineer loans. <|END|>"
"How does the loan application process differ for startups?","Startups may need to provide business plans, projections, and personal guarantees. <|END|>"
"Can I get a loan if I have a government pension?","Yes, government pension is considered stable income for loan eligibility. <|END|>"
"How does the loan application process differ for agricultural loans?","Agricultural loans require land records and crop details as documentation. <|END|>"
"Can I get a loan if I have a high-value insurance policy?","Some lenders offer loans against insurance policies as collateral. <|END|>"
"How does the loan application process differ for MSMEs?","MSMEs need to provide business registration, financials, and GST returns. <|END|>"
"Can I get a loan if I have a high-value vehicle?","Vehicle loans are available for high-value vehicles, with the vehicle as collateral. <|END|>"
"How does the loan application process differ for education loans?","Education loans require admission proof, fee structure, and co-applicant details. <|END|>"
